{
    "metrics": {
        "data_sent": {
            "count": 220989,
            "rate": 1799.8281217041808
        },
        "http_req_tls_handshaking": {
            "avg": 0,
            "min": 0,
            "med": 0,
            "max": 0,
            "p(90)": 0,
            "p(95)": 0
        },
        "vus": {
            "value": 4,
            "min": 4,
            "max": 20
        },
        "api_call_errors": {
            "passes": 1047,
            "fails": 0,
            "thresholds": {
                "rate<0.05": true
            },
            "value": 1
        },
        "http_req_waiting": {
            "p(95)": 88.6942,
            "avg": 50.44692932187208,
            "min": 25.33,
            "med": 44.407,
            "max": 120.727,
            "p(90)": 81.19340000000001
        },
        "http_req_sending": {
            "p(95)": 0.094,
            "avg": 0.05199044890162381,
            "min": 0.005,
            "med": 0.028,
            "max": 3.942,
            "p(90)": 0.06540000000000003
        },
        "http_req_blocked": {
            "avg": 0.02783476599808999,
            "min": 0.002,
            "med": 0.008,
            "max": 2.788,
            "p(90)": 0.019,
            "p(95)": 0.029
        },
        "http_req_connecting": {
            "avg": 0.008859598853868195,
            "min": 0,
            "med": 0,
            "max": 0.948,
            "p(90)": 0,
            "p(95)": 0
        },
        "iterations": {
            "count": 1047,
            "rate": 8.527211958171119
        },
        "http_reqs": {
            "count": 1047,
            "rate": 8.527211958171119
        },
        "checks": {
            "passes": 1047,
            "fails": 1047,
            "value": 0.5
        },
        "http_req_receiving": {
            "p(90)": 0.4582000000000001,
            "p(95)": 0.8333999999999999,
            "avg": 0.246808022922636,
            "min": 0.016,
            "med": 0.126,
            "max": 5.272
        },
        "vus_max": {
            "value": 20,
            "min": 20,
            "max": 20
        },
        "http_req_failed": {
            "passes": 0,
            "fails": 1047,
            "value": 0
        },
        "http_req_duration{expected_response:true}": {
            "avg": 50.745727793696375,
            "min": 25.577,
            "med": 44.801,
            "max": 121.209,
            "p(90)": 81.32560000000001,
            "p(95)": 89.2489
        },
        "product_search_trend": {
            "p(95)": 89.2489,
            "avg": 50.745727793696375,
            "min": 25.577,
            "med": 44.801,
            "max": 121.209,
            "p(90)": 81.32560000000001,
            "thresholds": {
                "p(95)<200": false
            }
        },
        "data_received": {
            "count": 2196912,
            "rate": 17892.582881995822
        },
        "iteration_duration": {
            "p(90)": 3061.8855832,
            "p(95)": 3076.5470419999997,
            "avg": 2087.9951040773653,
            "min": 1027.594042,
            "med": 2046.704167,
            "max": 3119.130375
        },
        "http_req_duration": {
            "avg": 50.745727793696375,
            "min": 25.577,
            "med": 44.801,
            "max": 121.209,
            "p(90)": 81.32560000000001,
            "p(95)": 89.2489,
            "thresholds": {
                "p(95)<200": false
            }
        }
    },
    "root_group": {
        "groups": {},
        "checks": {
                "Product Search - Status 200": {
                    "fails": 0,
                    "name": "Product Search - Status 200",
                    "path": "::Product Search - Status 200",
                    "id": "e5c587dfc6629db2b8ad1afa46eef1f1",
                    "passes": 1047
                },
                "Product Search - Has Results": {
                    "name": "Product Search - Has Results",
                    "path": "::Product Search - Has Results",
                    "id": "c908abbb3571732714eb3d3800997c4b",
                    "passes": 0,
                    "fails": 1047
                }
            },
        "name": "",
        "path": "",
        "id": "d41d8cd98f00b204e9800998ecf8427e"
    }
}