{
    "root_group": {
        "groups": {},
        "checks": {
                "Product Search - Status 200": {
                    "path": "::Product Search - Status 200",
                    "id": "e5c587dfc6629db2b8ad1afa46eef1f1",
                    "passes": 1065,
                    "fails": 0,
                    "name": "Product Search - Status 200"
                },
                "Product Search - Has Results": {
                    "id": "c908abbb3571732714eb3d3800997c4b",
                    "passes": 1065,
                    "fails": 0,
                    "name": "Product Search - Has Results",
                    "path": "::Product Search - Has Results"
                }
            },
        "name": "",
        "path": "",
        "id": "d41d8cd98f00b204e9800998ecf8427e"
    },
    "metrics": {
        "iteration_duration": {
            "max": 3278.325083,
            "p(90)": 3040.624959,
            "p(95)": 3049.3224834,
            "avg": 2051.3733881511744,
            "min": 1007.832958,
            "med": 2031.739875
        },
        "http_req_duration": {
            "max": 271.743,
            "p(90)": 49.4966,
            "p(95)": 59.8814,
            "avg": 31.015002816901426,
            "min": 6.813,
            "med": 28.117,
            "thresholds": {
                "p(95)<200": false
            }
        },
        "vus": {
            "value": 2,
            "min": 2,
            "max": 20
        },
        "iterations": {
            "count": 1065,
            "rate": 8.689875455481046
        },
        "http_req_sending": {
            "avg": 0.06263755868544614,
            "min": 0.007,
            "med": 0.034,
            "max": 8.185,
            "p(90)": 0.07160000000000002,
            "p(95)": 0.11
        },
        "http_req_tls_handshaking": {
            "med": 0,
            "max": 0,
            "p(90)": 0,
            "p(95)": 0,
            "avg": 0,
            "min": 0
        },
        "http_req_receiving": {
            "p(95)": 1.4319999999999988,
            "avg": 0.41513145539906077,
            "min": 0.017,
            "med": 0.201,
            "max": 8.264,
            "p(90)": 0.8610000000000001
        },
        "api_call_errors": {
            "passes": 0,
            "fails": 0,
            "thresholds": {
                "rate<0.05": false
            },
            "value": 0
        },
        "http_req_waiting": {
            "avg": 30.537233802816917,
            "min": 6.694,
            "med": 27.529,
            "max": 271.154,
            "p(90)": 49.084199999999996,
            "p(95)": 59.562599999999996
        },
        "vus_max": {
            "value": 20,
            "min": 20,
            "max": 20
        },
        "data_sent": {
            "count": 231132,
            "rate": 1885.9232805410752
        },
        "data_received": {
            "count": 3098226,
            "rate": 25279.998190547623
        },
        "http_req_duration{expected_response:true}": {
            "avg": 31.015002816901426,
            "min": 6.813,
            "med": 28.117,
            "max": 271.743,
            "p(90)": 49.4966,
            "p(95)": 59.8814
        },
        "checks": {
            "passes": 2130,
            "fails": 0,
            "value": 1
        },
        "http_reqs": {
            "count": 1065,
            "rate": 8.689875455481046
        },
        "http_req_connecting": {
            "avg": 0.009483568075117372,
            "min": 0,
            "med": 0,
            "max": 0.848,
            "p(90)": 0,
            "p(95)": 0
        },
        "product_search_trend": {
            "p(90)": 49.4966,
            "p(95)": 59.8814,
            "avg": 31.015002816901426,
            "min": 6.813,
            "med": 28.117,
            "max": 271.743,
            "thresholds": {
                "p(95)<200": false
            }
        },
        "http_req_blocked": {
            "avg": 0.030873239436619907,
            "min": 0.002,
            "med": 0.01,
            "max": 1.542,
            "p(90)": 0.021,
            "p(95)": 0.030599999999999905
        },
        "http_req_failed": {
            "fails": 1065,
            "passes": 0,
            "value": 0
        }
    }
}