{
    "metrics": {
        "data_received": {
            "count": 22110306,
            "rate": 179757.06985299644
        },
        "http_req_blocked": {
            "p(95)": 0.026,
            "avg": 0.032136052631577504,
            "min": 0.001,
            "med": 0.007,
            "max": 15.69,
            "p(90)": 0.012
        },
        "iteration_duration": {
            "med": 2010.7346255,
            "max": 3296.468,
            "p(90)": 3012.7769461000003,
            "p(95)": 3016.2336848,
            "avg": 2013.7440812346094,
            "min": 1005.552958
        },
        "iterations": {
            "count": 7600,
            "rate": 61.78809695726387
        },
        "api_call_errors": {
            "passes": 0,
            "fails": 0,
            "thresholds": {
                "rate<0.05": false
            },
            "value": 0
        },
        "product_search_trend": {
            "avg": 12.160940263157892,
            "min": 4.25,
            "med": 9.2055,
            "max": 294.143,
            "p(90)": 16.5354,
            "p(95)": 21.637799999999967,
            "thresholds": {
                "p(95)<200": false
            }
        },
        "http_req_sending": {
            "avg": 0.03615828947368358,
            "min": 0.003,
            "med": 0.023,
            "max": 12.084,
            "p(90)": 0.045,
            "p(95)": 0.065
        },
        "http_req_connecting": {
            "min": 0,
            "med": 0,
            "max": 3.515,
            "p(90)": 0,
            "p(95)": 0,
            "avg": 0.016504605263157893
        },
        "http_req_waiting": {
            "avg": 11.983225657894693,
            "min": 4.181,
            "med": 9.032499999999999,
            "max": 294.087,
            "p(90)": 16.303500000000003,
            "p(95)": 21.4592
        },
        "http_req_receiving": {
            "p(90)": 0.23910000000000015,
            "p(95)": 0.383,
            "avg": 0.1415563157894738,
            "min": 0.009,
            "med": 0.084,
            "max": 9.242
        },
        "http_reqs": {
            "count": 7600,
            "rate": 61.78809695726387
        },
        "http_req_duration{expected_response:true}": {
            "avg": 12.160940263157892,
            "min": 4.25,
            "med": 9.2055,
            "max": 294.143,
            "p(90)": 16.5354,
            "p(95)": 21.637799999999967
        },
        "http_req_tls_handshaking": {
            "p(95)": 0,
            "avg": 0,
            "min": 0,
            "med": 0,
            "max": 0,
            "p(90)": 0
        },
        "http_req_duration": {
            "avg": 12.160940263157892,
            "min": 4.25,
            "med": 9.2055,
            "max": 294.143,
            "p(90)": 16.5354,
            "p(95)": 21.637799999999967,
            "thresholds": {
                "p(95)<200": false
            }
        },
        "checks": {
            "passes": 15200,
            "fails": 0,
            "value": 1
        },
        "data_sent": {
            "count": 1649575,
            "rate": 13411.065794510334
        },
        "http_req_failed": {
            "passes": 0,
            "fails": 7600,
            "value": 0
        },
        "vus": {
            "min": 5,
            "max": 200,
            "value": 5
        },
        "vus_max": {
            "value": 200,
            "min": 200,
            "max": 200
        }
    },
    "root_group": {
        "checks": {
            "Product Search - Status 200": {
                "name": "Product Search - Status 200",
                "path": "::Product Search - Status 200",
                "id": "e5c587dfc6629db2b8ad1afa46eef1f1",
                "passes": 7600,
                "fails": 0
            },
            "Product Search - Has Results": {
                "name": "Product Search - Has Results",
                "path": "::Product Search - Has Results",
                "id": "c908abbb3571732714eb3d3800997c4b",
                "passes": 7600,
                "fails": 0
            }
        },
        "name": "",
        "path": "",
        "id": "d41d8cd98f00b204e9800998ecf8427e",
        "groups": {}
    }
}