{
    "metrics": {
        "vus": {
            "value": 1,
            "min": 1,
            "max": 20
        },
        "checks": {
            "fails": 0,
            "passes": 2154,
            "value": 1
        },
        "http_req_failed": {
            "fails": 1077,
            "passes": 0,
            "value": 0
        },
        "iteration_duration": {
            "max": 3081.613833,
            "p(90)": 3031.2634002,
            "p(95)": 3039.3628748,
            "avg": 2022.885983740946,
            "min": 1007.846625,
            "med": 2023.7235
        },
        "http_req_sending": {
            "p(95)": 0.11719999999999996,
            "avg": 0.07356174558960109,
            "min": 0.004,
            "med": 0.029,
            "max": 7.527,
            "p(90)": 0.068
        },
        "data_sent": {
            "count": 233736,
            "rate": 1908.4576232118925
        },
        "api_call_errors": {
            "passes": 0,
            "fails": 0,
            "thresholds": {
                "rate<0.05": false
            },
            "value": 0
        },
        "http_req_connecting": {
            "avg": 0.015968430826369544,
            "min": 0,
            "med": 0,
            "max": 2.053,
            "p(90)": 0,
            "p(95)": 0
        },
        "http_req_waiting": {
            "avg": 24.03432683379758,
            "min": 6.434,
            "med": 20.608,
            "max": 87.804,
            "p(90)": 42.1898,
            "p(95)": 48.635799999999996
        },
        "http_reqs": {
            "count": 1077,
            "rate": 8.79371966748472
        },
        "data_received": {
            "rate": 25580.09768132393,
            "count": 3132891
        },
        "http_req_blocked": {
            "min": 0.001,
            "med": 0.008,
            "max": 14.265,
            "p(90)": 0.019,
            "p(95)": 0.030199999999999953,
            "avg": 0.05956360259981461
        },
        "vus_max": {
            "max": 20,
            "value": 20,
            "min": 20
        },
        "iterations": {
            "count": 1077,
            "rate": 8.79371966748472
        },
        "http_req_duration": {
            "max": 88.034,
            "p(90)": 42.5474,
            "p(95)": 48.9058,
            "avg": 24.33290250696379,
            "min": 6.476,
            "med": 20.82,
            "thresholds": {
                "p(95)<200": false
            }
        },
        "http_req_tls_handshaking": {
            "min": 0,
            "med": 0,
            "max": 0,
            "p(90)": 0,
            "p(95)": 0,
            "avg": 0
        },
        "product_search_trend": {
            "avg": 24.33290250696379,
            "min": 6.476,
            "med": 20.82,
            "max": 88.034,
            "p(90)": 42.5474,
            "p(95)": 48.9058,
            "thresholds": {
                "p(95)<200": false
            }
        },
        "http_req_receiving": {
            "avg": 0.22501392757660163,
            "min": 0.009,
            "med": 0.1,
            "max": 7.322,
            "p(90)": 0.387,
            "p(95)": 0.766
        },
        "http_req_duration{expected_response:true}": {
            "min": 6.476,
            "med": 20.82,
            "max": 88.034,
            "p(90)": 42.5474,
            "p(95)": 48.9058,
            "avg": 24.33290250696379
        }
    },
    "root_group": {
        "checks": {
            "Product Search - Status 200": {
                "fails": 0,
                "name": "Product Search - Status 200",
                "path": "::Product Search - Status 200",
                "id": "e5c587dfc6629db2b8ad1afa46eef1f1",
                "passes": 1077
            },
            "Product Search - Has Results": {
                "passes": 1077,
                "fails": 0,
                "name": "Product Search - Has Results",
                "path": "::Product Search - Has Results",
                "id": "c908abbb3571732714eb3d3800997c4b"
            }
        },
        "name": "",
        "path": "",
        "id": "d41d8cd98f00b204e9800998ecf8427e",
        "groups": {}
    }
}