{
    "root_group": {
        "name": "",
        "path": "",
        "id": "d41d8cd98f00b204e9800998ecf8427e",
        "groups": {},
        "checks": {
                "Product Search - Status 200": {
                    "name": "Product Search - Status 200",
                    "path": "::Product Search - Status 200",
                    "id": "e5c587dfc6629db2b8ad1afa46eef1f1",
                    "passes": 7488,
                    "fails": 0
                },
                "Product Search - Has Results": {
                    "name": "Product Search - Has Results",
                    "path": "::Product Search - Has Results",
                    "id": "c908abbb3571732714eb3d3800997c4b",
                    "passes": 7488,
                    "fails": 0
                }
            }
    },
    "metrics": {
        "http_req_receiving": {
            "min": 0.013,
            "med": 0.09,
            "max": 28.688,
            "p(90)": 0.298,
            "p(95)": 0.5026499999999997,
            "avg": 0.18027150106837597
        },
        "vus_max": {
            "min": 200,
            "max": 200,
            "value": 200
        },
        "http_req_duration": {
            "med": 26.0715,
            "max": 523.979,
            "p(90)": 62.0502,
            "p(95)": 104.26129999999998,
            "avg": 37.31255742521358,
            "min": 8.528,
            "thresholds": {
                "p(95)<200": false
            }
        },
        "http_req_sending": {
            "p(90)": 0.045,
            "p(95)": 0.065,
            "avg": 0.03697195512820448,
            "min": 0.004,
            "med": 0.023,
            "max": 19.607
        },
        "checks": {
            "passes": 14976,
            "fails": 0,
            "value": 1
        },
        "data_received": {
            "count": 21784251,
            "rate": 177027.9841985654
        },
        "http_reqs": {
            "count": 7488,
            "rate": 60.850636805408534
        },
        "http_req_duration{expected_response:true}": {
            "p(90)": 62.0502,
            "p(95)": 104.26129999999998,
            "avg": 37.31255742521358,
            "min": 8.528,
            "med": 26.0715,
            "max": 523.979
        },
        "data_sent": {
            "count": 1624986,
            "rate": 13205.31956461987
        },
        "http_req_failed": {
            "passes": 0,
            "fails": 7488,
            "value": 0
        },
        "iteration_duration": {
            "avg": 2042.120996539129,
            "min": 1010.611625,
            "med": 2027.8261045,
            "max": 3531.5745,
            "p(90)": 3036.9843961,
            "p(95)": 3053.04455405
        },
        "iterations": {
            "count": 7488,
            "rate": 60.850636805408534
        },
        "product_search_trend": {
            "p(95)": 104.26129999999998,
            "avg": 37.31255742521358,
            "min": 8.528,
            "med": 26.0715,
            "max": 523.979,
            "p(90)": 62.0502,
            "thresholds": {
                "p(95)<200": false
            }
        },
        "vus": {
            "value": 1,
            "min": 1,
            "max": 200
        },
        "http_req_connecting": {
            "max": 7.069,
            "p(90)": 0,
            "p(95)": 0,
            "avg": 0.015716212606837608,
            "min": 0,
            "med": 0
        },
        "http_req_tls_handshaking": {
            "min": 0,
            "med": 0,
            "max": 0,
            "p(90)": 0,
            "p(95)": 0,
            "avg": 0
        },
        "api_call_errors": {
            "passes": 0,
            "fails": 0,
            "thresholds": {
                "rate<0.05": false
            },
            "value": 0
        },
        "http_req_blocked": {
            "avg": 0.02923637820512728,
            "min": 0.001,
            "med": 0.007,
            "max": 7.152,
            "p(90)": 0.014,
            "p(95)": 0.037
        },
        "http_req_waiting": {
            "p(90)": 61.81240000000001,
            "p(95)": 103.73604999999998,
            "avg": 37.09531396901699,
            "min": 8.421,
            "med": 25.862000000000002,
            "max": 522.414
        }
    }
}