{
    "metrics": {
        "data_received": {
            "count": 24505284,
            "rate": 199127.20320158053
        },
        "http_req_sending": {
            "p(95)": 0.14124999999999988,
            "avg": 0.07216807610993678,
            "min": 0.007,
            "med": 0.03,
            "max": 9.865,
            "p(90)": 0.08
        },
        "api_call_errors": {
            "passes": 473,
            "fails": 0,
            "thresholds": {
                "rate<0.05": true
            },
            "value": 1
        },
        "data_sent": {
            "count": 185428,
            "rate": 1506.76723580362
        },
        "http_req_duration{expected_response:true}": {
            "avg": 55.398286469344555,
            "min": 27.457,
            "med": 47.3035,
            "max": 181.272,
            "p(90)": 86.3895,
            "p(95)": 102.336
        },
        "http_req_blocked": {
            "avg": 0.05552008456659634,
            "min": 0.002,
            "med": 0.009,
            "max": 5.099,
            "p(90)": 0.027,
            "p(95)": 0.0842499999999997
        },
        "http_req_failed": {
            "fails": 946,
            "passes": 0,
            "value": 0
        },
        "iterations": {
            "count": 473,
            "rate": 3.843545217200812
        },
        "http_reqs": {
            "count": 946,
            "rate": 7.687090434401624
        },
        "http_req_waiting": {
            "p(90)": 85.25950000000002,
            "p(95)": 101.61149999999999,
            "avg": 55.001678646934465,
            "min": 27.291,
            "med": 47.052,
            "max": 181.033
        },
        "http_req_receiving": {
            "p(90)": 0.498,
            "p(95)": 0.7787499999999996,
            "avg": 0.32443974630021083,
            "min": 0.036,
            "med": 0.176,
            "max": 10.063
        },
        "vus": {
            "min": 1,
            "max": 20,
            "value": 1
        },
        "product_search_trend": {
            "p(95)": 107.63259999999998,
            "avg": 59.2948773784355,
            "min": 32.223,
            "med": 50.544,
            "max": 181.272,
            "p(90)": 91.5634,
            "thresholds": {
                "p(95)<200": false
            }
        },
        "http_req_connecting": {
            "min": 0,
            "med": 0,
            "max": 3.961,
            "p(90)": 0,
            "p(95)": 0,
            "avg": 0.017028541226215645
        },
        "http_req_tls_handshaking": {
            "min": 0,
            "med": 0,
            "max": 0,
            "p(90)": 0,
            "p(95)": 0,
            "avg": 0
        },
        "vus_max": {
            "value": 20,
            "min": 20,
            "max": 20
        },
        "iteration_duration": {
            "p(90)": 5179.374083,
            "p(95)": 6113.6611918,
            "avg": 4030.9716941712477,
            "min": 2073.470041,
            "med": 4101.994,
            "max": 6233.663833
        },
        "product_list_trend": {
            "p(95)": 97.28059999999999,
            "avg": 51.501695560253665,
            "min": 27.457,
            "med": 42.517,
            "max": 165.366,
            "p(90)": 82.8322,
            "thresholds": {
                "p(95)<100": false
            }
        },
        "http_req_duration": {
            "avg": 55.398286469344555,
            "min": 27.457,
            "med": 47.3035,
            "max": 181.272,
            "p(90)": 86.3895,
            "p(95)": 102.336,
            "thresholds": {
                "p(95)<200": false
            }
        },
        "checks": {
            "passes": 946,
            "fails": 473,
            "value": 0.6666666666666666
        }
    },
    "root_group": {
        "checks": {
            "Product List - Status 200": {
                "id": "2e59d346c5b24294afb4ce18a748c460",
                "passes": 473,
                "fails": 0,
                "name": "Product List - Status 200",
                "path": "::Product List - Status 200"
            },
            "Product List - Has Products": {
                "name": "Product List - Has Products",
                "path": "::Product List - Has Products",
                "id": "3e32ae9803379bc17a1739adbb063360",
                "passes": 0,
                "fails": 473
            },
            "Product Search - Status 200": {
                "passes": 473,
                "fails": 0,
                "name": "Product Search - Status 200",
                "path": "::Product Search - Status 200",
                "id": "e5c587dfc6629db2b8ad1afa46eef1f1"
            }
        },
        "name": "",
        "path": "",
        "id": "d41d8cd98f00b204e9800998ecf8427e",
        "groups": {}
    }
}